Tim Sullivan ,M,1991-01-08,168 Main Street,Brodswell,NC,167498245,2054421717,Tim.Sullivan@macr2.com,PASSw0r#
Barb Willings,F,1963-06-07,8374 County Road 39,Lauderdale,AL,134678194,2057791415,Barb.Willings@macr2.com,Password124712984
Bob Marley,M,1974-06-18,169 Main Street,Tressvile,MO,167498245,2061161113,Bob.Marley@macr2.com,PASSw0r#
Lisa Walters,F,2001-03-03,8375 County Road 39,Morning,NC,134678194,2064530811,Lisa.Walters@macr2.com,Password124712985
Jacob Smithers,M,1995-05-05,170 Main Street,Total,SC,167498245,2067900509,Jacob.Smithers@macr2.com,PASSw0r#
Trenni Malls,F,1964-06-06,8376 County Road 39,Washington,WA,134678194,2071270207,Trenni.Malls@macr2.com,Password124712986
Man Stilt,M,1988-12-25,171 Main Street,Lexis,KY,167498245,2074639905,Man.Stilt@macr2.com,PASSw0r#
Lolli Happens,F,2000-01-01,8377 County Road 39,Trenton,NC,134678194,2078009603,Lolli.Happens@macr2.com,Password124712987
Michael Moore,M,1991-03-03,172 Main Street,Marker,AL,167498245,2081379301,Michael.Moore@macr2.com,PASSw0r#
Codi Smith,F,2001-05-05,8378 County Road 39,Pen,MO,134678194,2084748999,Codi.Smith@macr2.com,Password124712988
Andy Link,M,2000-07-07,173 Main Street,State,NC,167498245,2088118697,Andy.Link@macr2.com,PASSw0r#
Lisa Daniels,F,1996-06-06,8379 County Road 39,Lousville,SC,134678194,2091488395,Lisa.Daniels@macr2.com,Password124712989
Tony Mike,M,1978-05-07,174 Main Street,Lee,WA,167498245,2094858093,Tony.Mike@macr2.com,PASSw0r#
Mona Lisa,F,2002-06-04,8380 County Road 39,Piper,KY,134678194,2098227791,Mona.Lisa@macr2.com,Password124712990
Brody Smothers,M,1952-05-05,175 Main Street,Munster,NC,167498245,2101597489,Brody.Smothers@macr2.com,PASSw0r#
Zelda Trish,F,1997-07-08,8381 County Road 39,Ketty,AL,134678194,2104967187,Zelda.Trish@macr2.com,Password124712991
Link Awakens,M,1998-02-04,176 Main Street,Fayette,MO,167498245,2108336885,Link.Awakens@macr2.com,PASSw0r#
Tanya Roslie,F,1961-07-04,8382 County Road 39,Molten,NC,134678194,2111706583,Tanya.Roslie@macr2.com,Password124712992
Ross Franks,M,1969-06-09,177 Main Street,Bravo,SC,167498245,2115076281,Ross.Franks@macr2.com,PASSw0r#
Rosise Baggier,F,1997-05-08,8383 County Road 39,Nano,WA,134678194,2118445979,Rosise.Baggier@macr2.com,Password124712993
